,accuracy,precision,recall,f1,roc_auc
LogisticRegression,0.635,0.6813186813186813,0.5849056603773585,0.6294416243654822,0.6473303894018467
RandomForest,0.855,0.8468468468468469,0.8867924528301887,0.8663594470046083,0.9521778402248093
