column,mean,median,std
age,44.682654107351176,45.0,15.135107959804492
income,67944.00576155362,65848.60300894713,29149.292741119898
