{
  "best_model": "rf",
  "results": {
    "logreg": {
      "f1_val": 0.03458729705848105,
      "acc_val": 0.23316912972085385,
      "f1_test": 0.02896845694799659,
      "acc_test": 0.2234910277324633
    },
    "rf": {
      "f1_val": 0.038257050347287345,
      "acc_val": 0.20525451559934318,
      "f1_test": 0.029884666261139912,
      "acc_test": 0.19086460032626426
    },
    "xgb": {
      "f1_val": 0.037449072334298485,
      "acc_val": 0.19376026272577998,
      "f1_test": 0.03721702649819255,
      "acc_test": 0.19249592169657423
    }
  }
}